id	unit	category	status	file	current_location	section	original_commit	original_location	original_full	current_translation	meaning_difference	candidate	basis	consumer_tests	linked_existing_id	execution	head	discovery_status	approved_changes	approved_translation	approval_basis	static_result	handling_record
M001	U1	지시 강도 후보	승인 수정 완료 / 정적 대응 확인	agent/promptcatalog.go	22	autoDefaultTmpl	f53daa15740541ab53bdb1b14c082bb7180818ca	22	- 先看清现状(list_tasks / get_task_graph 等)再动手；一步到位、少空转。	- 먼저 현황을 파악(list_tasks / get_task_graph 등)한 뒤 움직인다; 한 번에 끝내고 헛돌지 않는다.	少空转는 진행 없는 동작을 줄이라는 정도 표현인데 헛돌지 않는다는 표현은 전면 회피로 읽힐 수 있다. 앞의 현황 확인→동작 순서는 유지됐다. 실제 모델 행동 변화는 미확인이다.	해당 끝부분만 “한 번에 처리하고, 진행 없는 동작을 줄인다.” 등으로 원문의 정도를 유지하는 후보. 새 종료 조건을 추가하지 않음.	원문 少(적게)와 현재 부정 표현의 차이. 실제 정책 위반 또는 실행 결과로 단정하지 않음.	server/assembly.go seedPrompts → PromptOverride → agent/chat.go chatSystem/Chat; 본문 문구의 직접 테스트 비교는 발견하지 못함.	신규 M 항목; 기존 A046–A049 해소와 무관	사용자 요청으로 미실행	b5468a7839ada1f322b4f1e4ff7d219481f15135	추가 확인	한 번에 끝내고 헛돌지 않는다 → 한 번에 처리하고, 진행 없는 동작을 줄인다	- 먼저 현황을 파악(list_tasks / get_task_graph 등)한 뒤 움직인다; 한 번에 처리하고, 진행 없는 동작을 줄인다.	사용자가 M001–M007의 정확한 수정 표현을 확정; M004는 대상 비특정 Reporter 피해 예시로 용어집 문맥 제한	지정 표현만 변경; 줄 수/코드/숫자/도구명/변수/포맷/들여쓰기/개행 보존; 직접 기대값 조정 필요 발견하지 못함	현재 HEAD b5468a7 이후 미커밋 승인 수정; PROMPT_PROGRESS 핵심 프롬프트 의미 감사 승인 보완 기록
M002	U1	확정 용어 불일치	승인 수정 완료 / 정적 대응 확인	agent/promptcatalog.go	18	autoDefaultTmpl	f53daa15740541ab53bdb1b14c082bb7180818ca	18	1. **任务操作**：list_tasks 看全局、spawn_task 起子任务、get_task_graph / list_task_findings 读某任务的进展与漏洞(含 flag)、get_task_worker_trace 看某个 work 的执行过程、pause_task 暂停、add_task_hint 给任务注入提示。	1. **작업 운영**: list_tasks로 전체 파악, spawn_task로 하위 작업 생성, get_task_graph / list_task_findings로 특정 작업의 진행과 취약점(flag 포함) 조회, get_task_worker_trace로 특정 work의 실행 과정 확인, pause_task로 일시정지, add_task_hint로 작업에 힌트 주입.	힌트 추가 동작의 注入을 공격 기법의 주입 표현으로 옮겼다. add_task_hint 도구나 권한 범위는 그대로다.	해당 절 “add_task_hint로 작업에 힌트 추가.”	GLOSSARY:178 힌트·의도 추가 동작은 추가. 공격 기법 인젝션과 구분.	BuiltinPromptSeeds[auto] → DB/Chat; add_task_hint 도구	신규 M 항목; 기존 A046–A049 해소와 무관	사용자 요청으로 미실행	b5468a7839ada1f322b4f1e4ff7d219481f15135	확인	add_task_hint로 작업에 힌트 주입 → add_task_hint로 작업에 힌트 추가	1. **작업 운영**: list_tasks로 전체 파악, spawn_task로 하위 작업 생성, get_task_graph / list_task_findings로 특정 작업의 진행과 취약점(flag 포함) 조회, get_task_worker_trace로 특정 work의 실행 과정 확인, pause_task로 일시정지, add_task_hint로 작업에 힌트 추가.	사용자가 M001–M007의 정확한 수정 표현을 확정; M004는 대상 비특정 Reporter 피해 예시로 용어집 문맥 제한	지정 표현만 변경; 줄 수/코드/숫자/도구명/변수/포맷/들여쓰기/개행 보존; 직접 기대값 조정 필요 발견하지 못함	현재 HEAD b5468a7 이후 미커밋 승인 수정; PROMPT_PROGRESS 핵심 프롬프트 의미 감사 승인 보완 기록
M003	U1	확정 용어 불일치	승인 수정 완료 / 정적 대응 확인	agent/promptcatalog.go	38	pentestDefaultTmpl	f53daa15740541ab53bdb1b14c082bb7180818ca	38	"2. **一条路要走透再下结论**。初次受阻（一个 payload 被过滤、一个端点 404、一个注入点没回显）**不等于**此路不通——换编码、换方法、换参数、换路径，把这条方向的合理手段走完，再判""死路""。""我试了一次没成功""绝不等于""已穷尽""。"	"2. **한 경로는 끝까지 파고든 뒤 결론 내려라**. 처음 막혔다고(payload 하나가 필터링됨, 엔드포인트 하나가 404, 주입 지점 하나가 무반향) 해서 **이 길이 막혔다는 뜻은 아니다**——인코딩·방법·파라미터·경로를 바꿔 이 방향의 합리적 수단을 다 써본 뒤 ""막다른 길""을 판정하라. ""한 번 해봤는데 안 됐다""는 결코 ""다 해봤다""가 아니다."	注入点은 등록된 인젝션 포인트와 달리 주입 지점으로 표기된다. 테스트 방향 소진·실패 판단의 조건은 유지된다.	주입 지점 → 인젝션 포인트. 해당 위치 외 표현이나 명령은 유지.	GLOSSARY:503 注入点=인젝션 포인트; 설명·프롬프트의 등록 문맥.	BuiltinPromptSeeds[pentest] → DB/Chat; 본문 문구 직접 기대값은 발견하지 못함.	신규 M 항목; 기존 A046–A049 해소와 무관	사용자 요청으로 미실행	b5468a7839ada1f322b4f1e4ff7d219481f15135	확인	주입 지점 → 인젝션 포인트	"2. **한 경로는 끝까지 파고든 뒤 결론 내려라**. 처음 막혔다고(payload 하나가 필터링됨, 엔드포인트 하나가 404, 인젝션 포인트 하나가 무반향) 해서 **이 길이 막혔다는 뜻은 아니다**——인코딩·방법·파라미터·경로를 바꿔 이 방향의 합리적 수단을 다 써본 뒤 ""막다른 길""을 판정하라. ""한 번 해봤는데 안 됐다""는 결코 ""다 해봤다""가 아니다."	사용자가 M001–M007의 정확한 수정 표현을 확정; M004는 대상 비특정 Reporter 피해 예시로 용어집 문맥 제한	지정 표현만 변경; 줄 수/코드/숫자/도구명/변수/포맷/들여쓰기/개행 보존; 직접 기대값 조정 필요 발견하지 못함	현재 HEAD b5468a7 이후 미커밋 승인 수정; PROMPT_PROGRESS 핵심 프롬프트 의미 감사 승인 보완 기록
M004	U1	참조 대상의 범위 후보	승인 수정 완료 / 정적 대응 확인	agent/promptcatalog.go	95	ReporterDefaultPrompt	f53daa15740541ab53bdb1b14c082bb7180818ca	95	"- ` + ""`## 影响与危害`"" + `：结合业务讲清最坏后果（数据泄露/接管/RCE/横向…），给出**严重等级**判断及理由。"	"- ` + ""`## 영향과 피해`"" + `: 비즈니스와 결부해 최악의 결과(데이터 유출/계정 탈취/RCE/횡적 이동…)를 명확히 하고, **심각도 등급** 판단과 이유를 제시."	원문 接管에는 계정이라는 대상 한정이 없다. 현재 예시 목록의 계정 탈취는 대상을 특정했다. 목록은 예시이므로 보고서 전체의 권한 범위를 실제로 축소했다는 주장과 구분한다. 원문이 계정만을 의도했다는 근거는 확보하지 못했다.	“데이터 유출/장악/RCE/횡적 이동…”처럼 대상 한정 없는 후보. 정확한 대상이 별도 근거로 확인되기 전에는 계정만으로 단정하지 않음.	원문의 괄호 안 전체 열거(数据泄露/接管/RCE/横向…)와 번역의 대상 특정 차이. 실제 탈취 동작을 검토한 것이 아님.	server/orchestration.go:735–755 reporter seed → trigger conversation → Chat; 보고서 저장은 update_finding_report	신규 M 항목; 기존 A046–A049 해소와 무관	사용자 요청으로 미실행	b5468a7839ada1f322b4f1e4ff7d219481f15135	추가 확인	계정 탈취 → 장악	"- ` + ""`## 영향과 피해`"" + `: 비즈니스와 결부해 최악의 결과(데이터 유출/장악/RCE/횡적 이동…)를 명확히 하고, **심각도 등급** 판단과 이유를 제시."	사용자가 M001–M007의 정확한 수정 표현을 확정; M004는 대상 비특정 Reporter 피해 예시로 용어집 문맥 제한	지정 표현만 변경; 줄 수/코드/숫자/도구명/변수/포맷/들여쓰기/개행 보존; 직접 기대값 조정 필요 발견하지 못함	현재 HEAD b5468a7 이후 미커밋 승인 수정; PROMPT_PROGRESS 핵심 프롬프트 의미 감사 승인 보완 기록
M005	U2	증거·관찰·결론 구분 후보	승인 수정 완료 / 정적 대응 확인	agent/planner.go	312	plannerDefaultTmpl	33d0ce772321b4b2e65cd33e6394d848a31957c5	312	"   - **否定/存疑观察**（recent_facts 里""端口关闭/不可注入""等）是 worker 的观察、不是定论：采信前先 node_detail(id) 看 evidence——evidence 扎实、confidence=observed 且手段已穷尽的才视为该方向暂时封住；evidence 缺失、只是""看起来像/只探一次""、或 confidence=inferred 的，按【尚未探明】处理，若在范围内且无其它意图覆盖，默认派一条复核意图去证实或推翻（**同一否定方向至多复核一次**；复核后仍为否定、且证据合理，就尊重该结论、不再派）。"	"   - **부정/의심 관찰**(recent_facts의 ""포트 닫힘/주입 불가"" 등)은 worker의 관찰이지 결론이 아니다: 믿기 전에 먼저 node_detail(id)로 evidence를 본다——evidence가 탄탄하고 confidence=observed이며 수단을 다 써봤을 때만 그 방향이 잠시 막힌 것으로 본다; evidence가 없거나 ""그래 보임/한 번만 탐색""이거나 confidence=inferred인 것은 [아직 미규명]으로 처리하고, 범위 내이며 다른 의도가 커버하지 않으면 기본적으로 재확인 의도 하나를 파견해 입증 또는 반증한다(**같은 부정 방향은 최대 한 번만 재확인**; 재확인 후에도 부정이고 증거가 합리적이면 그 결론을 존중하고 더 파견하지 않는다)."	定论는 확정된 결론을 뜻한다. 현재 결론이 아니다는 확정 한정이 없어 관찰의 잠정 결론까지 배제하는 식으로 읽힐 수 있다. 뒤의 evidence 검토·observed/inferred 조건·최대 한 번 재확인은 유지돼 실제 모델 영향은 미확인이다.	그 부분만 “worker의 관찰이지 확정된 결론이 아니다” 후보. 나머지 evidence/재확인 규칙은 유지.	원문 不是定论와 현재 결론이 아니다를 비교. 단순 관찰과 확정 사실의 구분을 검토하며 원문 정책을 재설계하지 않음.	plannerSystem → Plan SystemPrompt; node_detail/recent_facts/observed/inferred; 본문 직접 기대값은 발견하지 못함.	신규 M 항목; 기존 A046–A049 해소와 무관	사용자 요청으로 미실행	b5468a7839ada1f322b4f1e4ff7d219481f15135	추가 확인	worker의 관찰이지 결론이 아니다 → worker의 관찰이지 확정된 결론이 아니다	"   - **부정/의심 관찰**(recent_facts의 ""포트 닫힘/주입 불가"" 등)은 worker의 관찰이지 확정된 결론이 아니다: 믿기 전에 먼저 node_detail(id)로 evidence를 본다——evidence가 탄탄하고 confidence=observed이며 수단을 다 써봤을 때만 그 방향이 잠시 막힌 것으로 본다; evidence가 없거나 ""그래 보임/한 번만 탐색""이거나 confidence=inferred인 것은 [아직 미규명]으로 처리하고, 범위 내이며 다른 의도가 커버하지 않으면 기본적으로 재확인 의도 하나를 파견해 입증 또는 반증한다(**같은 부정 방향은 최대 한 번만 재확인**; 재확인 후에도 부정이고 증거가 합리적이면 그 결론을 존중하고 더 파견하지 않는다)."	사용자가 M001–M007의 정확한 수정 표현을 확정; M004는 대상 비특정 Reporter 피해 예시로 용어집 문맥 제한	지정 표현만 변경; 줄 수/코드/숫자/도구명/변수/포맷/들여쓰기/개행 보존; 직접 기대값 조정 필요 발견하지 못함	현재 HEAD b5468a7 이후 미커밋 승인 수정; PROMPT_PROGRESS 핵심 프롬프트 의미 감사 승인 보완 기록
M006	U2	확정 용어 불일치	승인 수정 완료 / 정적 대응 확인	agent/planner.go	320	plannerDefaultTmpl	33d0ce772321b4b2e65cd33e6394d848a31957c5	320	"   - 即使开局也最多探 ≤3 次就收手，只为把初始意图说清；一旦发现自己在""深入查证""而非""快速定方向""（逐个枚举端点/目录、逐个试 id、解码链、反复探同一接口、任何注入/越权/漏洞的测试验证——全是 worker 的重活），立刻停手写成意图。"	"   - 개시 때라도 최대 ≤3회만 탐지하고 손을 뗀다, 오직 초기 의도를 분명히 하기 위해서; ""방향을 빨리 정하기""가 아니라 ""깊이 파고드는 검증""을 하고 있음을 발견하면(엔드포인트/디렉터리 하나씩 열거, id 하나씩 시도, 디코딩 체인, 같은 엔드포인트 반복 탐색, 모든 주입/권한 초과/취약점 테스트·검증——전부 worker의 중노동) 즉시 멈추고 의도로 쓴다."	공격·권한 우회 검증을 worker에 위임하는 금지 문맥에서 注入/越权가 주입/권한 초과로 표기된다. 금지 대상의 지시 강도와 ≤3 한도·즉시 중단은 유지된다.	“모든 인젝션/권한 우회/취약점 테스트·검증” 후보. 실행 경계는 그대로 유지.	GLOSSARY:176 越权=권한 우회, :178 공격 기법 注入=인젝션. 문맥은 사용자 데이터/API 공격 검증.	plannerSystem → Plan; 같은 문장의 worker 위임/개시 탐지 한도	신규 M 항목; 기존 A046–A049 해소와 무관	사용자 요청으로 미실행	b5468a7839ada1f322b4f1e4ff7d219481f15135	확인	모든 주입/권한 초과/취약점 테스트·검증 → 모든 인젝션/권한 우회/취약점 테스트·검증	"   - 개시 때라도 최대 ≤3회만 탐지하고 손을 뗀다, 오직 초기 의도를 분명히 하기 위해서; ""방향을 빨리 정하기""가 아니라 ""깊이 파고드는 검증""을 하고 있음을 발견하면(엔드포인트/디렉터리 하나씩 열거, id 하나씩 시도, 디코딩 체인, 같은 엔드포인트 반복 탐색, 모든 인젝션/권한 우회/취약점 테스트·검증——전부 worker의 중노동) 즉시 멈추고 의도로 쓴다."	사용자가 M001–M007의 정확한 수정 표현을 확정; M004는 대상 비특정 Reporter 피해 예시로 용어집 문맥 제한	지정 표현만 변경; 줄 수/코드/숫자/도구명/변수/포맷/들여쓰기/개행 보존; 직접 기대값 조정 필요 발견하지 못함	현재 HEAD b5468a7 이후 미커밋 승인 수정; PROMPT_PROGRESS 핵심 프롬프트 의미 감사 승인 보완 기록
M007	U2	확정 용어 불일치	승인 수정 완료 / 정적 대응 확인	agent/planner.go	316,330	plannerDefaultTmpl	33d0ce772321b4b2e65cd33e6394d848a31957c5	316,330	"   - ⚠️ **量化验收核对（严禁提前盖章）**：目标含可量化条件（覆盖度达 X%、拿 N 个 flag、获得某权限）时，prove_goal 前【必须】核对上方 graph_overview 的实测值（coverage.pct、findings_total 计数等）：未达标就【禁止】prove_goal，改派意图补差；不得以""大体达成/核心已拿下""为由提前标 met。例：要求覆盖度 100% 而实测 coverage.pct=40% → 未达成，继续派补测意图。
   - **深度优先于覆盖度**：coverage 是下限/验收项、不是探索目标本身；发现高价值入口（可能通向 RCE/提权/数据外泄）后，优先派意图把那条路【往深打穿】，而不是为拉平覆盖度去铺广、逐个资产浅测。"	"   - ⚠️ **정량 검수 대조(조기 도장 엄금)**: 목표에 정량 조건(커버리지 X% 달성, flag N개 획득, 특정 권한 획득)이 있으면, prove_goal 전에 [반드시] 위 graph_overview의 실측값(coverage.pct, findings_total 개수 등)을 대조한다: 미달이면 prove_goal [금지]하고, 의도를 파견해 차이를 메운다; ""대체로 달성/핵심은 확보""를 이유로 조기에 met로 표시하지 마라. 예: 커버리지 100% 요구인데 실측 coverage.pct=40% → 미달성, 계속 보완 의도를 파견.
   - **깊이가 커버리지보다 우선**: coverage는 하한/검수 항목이지 탐색 목표 자체가 아니다; 고가치 진입점(RCE/권한 상승/데이터 유출로 이어질 수 있는)을 발견한 뒤에는, 커버리지를 맞추려 넓게 펼쳐 자산을 하나씩 얕게 테스트하지 말고, 그 경로를 [끝까지 뚫는] 의도를 우선 파견한다."	목표 달성 확인의 验收가 검수로 남아 있고 量化验收核对도 정량 검수 대조로 남아 있다. prove_goal 이전의 실측값 확인, 미달 시 금지, 100%/40% 예시는 원문과 같다.	316행 제목은 “목표 달성의 정량적 확인(조기 도장 엄금)” 등 문맥에 맞는 후보. 330행 “하한/달성 검증 항목”. 새 지표/조건 추가 없음.	GLOSSARY:210 验收=달성 검증, :211 量化核对=정량적 확인. 여기서는 목표 달성 확인 문맥. 조기 도장 표현 자체를 별도 오류로 세지 않음.	plannerSystem → Plan; graph_overview.coverage.pct/findings_total → prove_goal	신규 M 항목; 기존 A046–A049 해소와 무관	사용자 요청으로 미실행	b5468a7839ada1f322b4f1e4ff7d219481f15135	확인	정량 검수 대조 → 목표 달성의 정량적 확인; 하한/검수 항목 → 하한/달성 검증 항목	"   - ⚠️ **목표 달성의 정량적 확인(조기 도장 엄금)**: 목표에 정량 조건(커버리지 X% 달성, flag N개 획득, 특정 권한 획득)이 있으면, prove_goal 전에 [반드시] 위 graph_overview의 실측값(coverage.pct, findings_total 개수 등)을 대조한다: 미달이면 prove_goal [금지]하고, 의도를 파견해 차이를 메운다; ""대체로 달성/핵심은 확보""를 이유로 조기에 met로 표시하지 마라. 예: 커버리지 100% 요구인데 실측 coverage.pct=40% → 미달성, 계속 보완 의도를 파견.
   - **깊이가 커버리지보다 우선**: coverage는 하한/달성 검증 항목이지 탐색 목표 자체가 아니다; 고가치 진입점(RCE/권한 상승/데이터 유출로 이어질 수 있는)을 발견한 뒤에는, 커버리지를 맞추려 넓게 펼쳐 자산을 하나씩 얕게 테스트하지 말고, 그 경로를 [끝까지 뚫는] 의도를 우선 파견한다."	사용자가 M001–M007의 정확한 수정 표현을 확정; M004는 대상 비특정 Reporter 피해 예시로 용어집 문맥 제한	지정 표현만 변경; 줄 수/코드/숫자/도구명/변수/포맷/들여쓰기/개행 보존; 직접 기대값 조정 필요 발견하지 못함	현재 HEAD b5468a7 이후 미커밋 승인 수정; PROMPT_PROGRESS 핵심 프롬프트 의미 감사 승인 보완 기록
